{"loss": [0.7845300436019897, 0.33589479327201843, 0.2594371736049652, 0.24378518760204315, 0.20207953453063965, 0.19935765862464905, 0.15000975131988525, 0.12162147462368011, 0.10160540789365768, 0.08568228781223297], "accuracy": [0.8117913603782654, 0.8715728521347046, 0.8933209776878357, 0.8985776305198669, 0.9156875014305115, 0.9207379817962646, 0.9408369660377502, 0.951556384563446, 0.960214376449585, 0.9675324559211731], "val_loss": [0.6845345497131348, 0.42862942814826965, 0.5153737664222717, 0.4403780996799469, 0.506311297416687, 0.4278021454811096, 0.5370655655860901, 0.5210495591163635, 0.46829816699028015, 0.4812374413013458], "val_accuracy": [0.7362374067306519, 0.8511249423027039, 0.8147438764572144, 0.8640497922897339, 0.8492101430892944, 0.8506462574005127, 0.8621349930763245, 0.8492101430892944, 0.8688367605209351, 0.8688367605209351]}